﻿<?xml version="1.0" encoding="UTF-8" standalone="yes"?>

<!-- About Timezone and daylight saving time - (DST) / SUMMER TIME. -->
<!-- Link:                                                -->
<!-- http://www.worldtimezone.com/ -->

<language locale="fr">
  <regions>
    <region name="Canada" locale="CA">
      <dateshort>DD/MM/YYYY</dateshort>
      <datelong>DDDD D MMMM YYYY</datelong>
      <time symbolAM="" symbolPM="">H:mm:ss</time>
      <tempunit>C</tempunit>
      <speedunit>kmh</speedunit>
      <timezone>EST</timezone>
    </region>
  </regions>
</language>

