<?xml version="1.0" encoding="UTF-8"?>
<addon
  id="resource.font.limited"
  version="1.1.0"
  name="Limited Fonts"
  provider-name="Team Kodi">
  <requires>
    <import addon="kodi.resource" version="1.0.0"/>
  </requires>
  <extension
    point="kodi.resource.font"/>
  <extension point="kodi.addon.metadata">
    <summary lang="en_GB">Less common fonts</summary>
    <description lang="en_GB">These written languages are still used in the world, but are used relatively little.</description>
    <platform>all</platform>
    <assets>
      <icon>icon.png</icon>
    </assets>
  </extension>
</addon>
