<?xml version="1.0" encoding="UTF-8"?>
<addon
  id="resource.language.el_gr"
  version="9.1.34"
  name="Greek"
  provider-name="Team Kodi">
  <requires>
    <import addon="kodi.resource" version="1.0.0"/>
  </requires>
  <extension
    point="kodi.resource.language"
    locale="el_GR">
    <charsets>
      <gui unicodefont="true">CP1253</gui>
      <subtitle>CP1253</subtitle>
    </charsets>
  </extension>
  <extension point="kodi.addon.metadata">
    <summary lang="en_GB">Greek language pack</summary>
    <description lang="en_GB">Greek version of all texts used in Kodi.</description>
    <platform>all</platform>
    <assets>
      <icon>icon.png</icon>
    </assets>
  </extension>
</addon>
