<?xml version="1.0" encoding="UTF-8" standalone="yes"?>

<language locale="cy">
  <regions>
    <region name="UK (12h)" locale="CY">
      <dateshort>DD/MM/YYYY</dateshort>
      <datelong>DDDD, D MMMM YYYY</datelong>
      <time symbolAM="AM" symbolPM="PM">h:mm:ss xx</time>
      <tempunit>C</tempunit>
      <speedunit>mph</speedunit>
      <timezone>GMT</timezone>
    </region>

    <region name="UK (24h)" locale="CY">
      <dateshort>DD/MM/YYYY</dateshort>
      <datelong>DDDD, D MMMM YYYY</datelong>
      <time symbolAM="" symbolPM="">H:mm:ss</time>
      <tempunit>C</tempunit>
      <speedunit>mph</speedunit>
      <timezone>GMT</timezone>
    </region>
  </regions>
</language>
