<?xml version="1.0" encoding="UTF-8"?>
<addon
  id="resource.language.hr_hr"
  version="9.1.33"
  name="Croatian"
  provider-name="Team Kodi">
  <requires>
    <import addon="kodi.resource" version="1.0.0"/>
  </requires>
  <extension
    point="kodi.resource.language"
    locale="hr_HR">
    <charsets>
      <gui unicodefont="false">CP1250</gui>
      <subtitle>CP1250</subtitle>
    </charsets>
  </extension>
  <extension point="kodi.addon.metadata">
    <summary lang="en_GB">Croatian language pack</summary>
    <description lang="en_GB">Croatian version of all texts used in Kodi.</description>
    <platform>all</platform>
    <assets>
      <icon>icon.png</icon>
    </assets>
  </extension>
</addon>
